C_Rate,Capacity_mAh_g,Capacity_Retention
0.1,421.5716529126671,1.0
0.2,412.361780572731,0.9781534828627483
0.5,409.3538646013297,0.9710184775780727
1.0,394.9288287639173,0.9368011962742924
2.0,338.96556176335514,0.8040520737611723
5.0,318.0982133044844,0.754553137305894
10.0,208.0672143946289,0.493551245576116
